Customer Name,Shipping Address,Mobile,Order No
Asha Rao,"12 MG Road, Shivaji Nagar
Pune 411005",9876500001,ORD-1041
Vikram Singh,"4 Hill View Colony
Shimla 171001",9876500002,ORD-1042
Meera Iyer,"22 Lake Road, T Nagar
Chennai 600017",9876500003,ORD-1043
Rahul Mehta,"B-7 Sector 18
Noida 201301",9876500004,ORD-1044
Fatima Shaikh,"301 Sea Breeze, Bandra West
Mumbai 400050",9876500005,ORD-1045
Arjun Nair,"15 Temple Street, Fort Kochi
Kochi 682001",9876500006,ORD-1046
Priya Das,"8 Park Circus
Kolkata 700017",9876500007,ORD-1047
Karan Gill,"56 Model Town
Ludhiana 141002",9876500008,ORD-1048
Sneha Kulkarni,"9 Deccan Gymkhana
Pune 411004",9876500009,ORD-1049
Imran Khan,"27 Banjara Hills
Hyderabad 500034",9876500010,ORD-1050
